mortgage_balance,income_monthly_fred,income_monthly_marissa,income_monthly_total,expense_groceries,expense_gasoline,expense_food_out,expense_utilities,expense_lease_car_audi,expense_insurance_car_audi,expense_insurance_car_mini,expense_maintenance_car_audi,expense_maintenance_car_mini,expense_streaming_service_sub,expense_chatgpt_sub,expense_misc,expense_mortgage_payment,expense_monthly_total,net_cash_flow_monthly,mnth_of_year_cal,qtr_of_year_cal,year_cal
323.77818929110344,5200,1600,6800,500,200,300,250,406,180,70,750,500,50,20,200,2627.9448559577704,6053.94485595777,1492.1102880844592,5,2,2023
649.4450846864052,5200,1600,6800,500,200,300,250,406,180,70,750,500,50,20,200,2627.9448559577704,6053.94485595777,1492.1102880844592,6,2,2023
977.0117036381794,5200,1600,6800,500,200,300,250,406,180,70,750,500,50,20,200,2627.9448559577704,6053.94485595777,1492.1102880844592,7,3,2023
1306.4891278671726,5200,1600,6800,500,200,300,250,406,180,70,750,500,50,20,200,2627.9448559577704,6053.94485595777,1492.1102880844592,8,3,2023
1637.8885037375017,5200,1600,6800,500,200,300,250,406,180,70,750,500,50,20,200,2627.9448559577704,6053.94485595777,1492.1102880844592,9,3,2023
1971.2210426337406,5200,1600,6800,500,200,300,250,406,180,70,750,500,50,20,200,2627.9448559577704,6053.94485595777,1492.1102880844592,10,4,2023
2306.4980213402077,5200,1600,6800,500,200,300,250,406,180,70,750,500,50,20,200,2627.9448559577704,6053.94485595777,1492.1102880844592,11,4,2023
2643.730782422462,5200,1600,6800,500,200,300,250,406,180,70,750,500,50,20,200,2627.9448559577704,6053.94485595777,1492.1102880844592,12,4,2023
2982.9307346110304,5200,1600,6800,500,200,300,250,406,180,70,750,500,50,20,200,2627.9448559577704,6053.94485595777,1492.1102880844592,1,1,2024
3324.1093531873653,5200,1600,6800,500,200,300,250,406,180,70,750,500,50,20,200,2627.9448559577704,6053.94485595777,1492.1102880844592,2,1,2024
3667.278180372062,5200,1600,6800,500,200,300,250,406,180,70,750,500,50,20,200,2627.9448559577704,6053.94485595777,1492.1102880844592,3,1,2024
4012.448825715336,5200,1600,6800,500,200,300,250,406,180,70,750,500,50,20,200,2627.9448559577704,6053.94485595777,1492.1102880844592,4,2,2024
4359.632966489779,5200,1600,6800,500,200,300,250,406,180,70,750,500,50,20,200,2627.9448559577704,6053.94485595777,1492.1102880844592,5,2,2024
4708.842348085407,5200,1600,6800,500,200,300,250,406,180,70,750,500,50,20,200,2627.9448559577704,6053.94485595777,1492.1102880844592,6,2,2024
5060.088784407009,5200,1600,6800,500,200,300,250,406,180,70,750,500,50,20,200,2627.9448559577704,6053.94485595777,1492.1102880844592,7,3,2024
5413.3841582738205,5200,1600,6800,500,200,300,250,406,180,70,750,500,50,20,200,2627.9448559577704,6053.94485595777,1492.1102880844592,8,3,2024
5768.7404218215215,5200,1600,6800,500,200,300,250,406,180,70,750,500,50,20,200,2627.9448559577704,6053.94485595777,1492.1102880844592,9,3,2024
6126.169596906584,5200,1600,6800,500,200,300,250,406,180,70,750,500,50,20,200,2627.9448559577704,6053.94485595777,1492.1102880844592,10,4,2024
6485.683775512976,5200,1600,6800,500,200,300,250,406,180,70,750,500,50,20,200,2627.9448559577704,6053.94485595777,1492.1102880844592,11,4,2024
6847.2951201612395,5200,1600,6800,500,200,300,250,406,180,70,750,500,50,20,200,2627.9448559577704,6053.94485595777,1492.1102880844592,12,4,2024
7211.01586431995,5200,1600,6800,500,200,300,250,406,180,70,750,500,50,20,200,2627.9448559577704,6053.94485595777,1492.1102880844592,1,1,2025
7576.858312819587,5200,1600,6800,500,200,300,250,406,180,70,750,500,50,20,200,2627.9448559577704,6053.94485595777,1492.1102880844592,2,1,2025
7944.834842268805,5200,1600,6800,500,200,300,250,406,180,70,750,500,50,20,200,2627.9448559577704,6053.94485595777,1492.1102880844592,3,1,2025
8314.957901473143,5200,1600,6800,500,200,300,250,406,180,70,750,500,50,20,200,2627.9448559577704,6053.94485595777,1492.1102880844592,4,2,2025
8687.240011856173,5200,1600,6800,500,200,300,250,406,180,70,750,500,50,20,200,2627.9448559577704,6053.94485595777,1492.1102880844592,5,2,2025
9061.693767883104,5200,1600,6800,500,200,300,250,406,180,70,750,500,50,20,200,2627.9448559577704,6053.94485595777,1492.1102880844592,6,2,2025
9438.33183748686,5200,1600,6800,500,200,300,250,406,180,70,750,500,50,20,200,2627.9448559577704,6053.94485595777,1492.1102880844592,7,3,2025
9817.166962496638,5200,1600,6800,500,200,300,250,406,180,70,750,500,50,20,200,2627.9448559577704,6053.94485595777,1492.1102880844592,8,3,2025
10198.211959068973,5200,1600,6800,500,200,300,250,406,180,70,750,500,50,20,200,2627.9448559577704,6053.94485595777,1492.1102880844592,9,3,2025
10581.479718121313,5200,1600,6800,500,200,300,250,406,180,70,750,500,50,20,200,2627.9448559577704,6053.94485595777,1492.1102880844592,10,4,2025
10966.983205768123,5200,1600,6800,500,200,300,250,406,180,70,750,500,50,20,200,2627.9448559577704,6053.94485595777,1492.1102880844592,11,4,2025
11354.735463759542,5200,1600,6800,500,200,300,250,406,180,70,750,500,50,20,200,2627.9448559577704,6053.94485595777,1492.1102880844592,12,4,2025
11744.749609922575,5200,1600,6800,500,200,300,250,406,180,70,750,500,50,20,200,2627.9448559577704,6053.94485595777,1492.1102880844592,1,1,2026
12137.038838604894,5200,1600,6800,500,200,300,250,406,180,70,750,500,50,20,200,2627.9448559577704,6053.94485595777,1492.1102880844592,2,1,2026
12531.616421121194,5200,1600,6800,500,200,300,250,406,180,70,750,500,50,20,200,2627.9448559577704,6053.94485595777,1492.1102880844592,3,1,2026
12928.495706202171,5200,1600,6800,500,200,300,250,406,180,70,750,500,50,20,200,2627.9448559577704,6053.94485595777,1492.1102880844592,4,2,2026
13327.690120446121,5200,1600,6800,500,200,300,250,406,180,70,750,500,50,20,200,2627.9448559577704,6053.94485595777,1492.1102880844592,5,2,2026
13729.21316877316,5200,1600,6800,500,200,300,250,406,180,70,750,500,50,20,200,2627.9448559577704,6053.94485595777,1492.1102880844592,6,2,2026
14133.078434882107,5200,1600,6800,500,200,300,250,406,180,70,750,500,50,20,200,2627.9448559577704,6053.94485595777,1492.1102880844592,7,3,2026
14539.299581710024,5200,1600,6800,500,200,300,250,406,180,70,750,500,50,20,200,2627.9448559577704,6053.94485595777,1492.1102880844592,8,3,2026
14947.890351894435,5200,1600,6800,500,200,300,250,406,180,70,750,500,50,20,200,2627.9448559577704,6053.94485595777,1492.1102880844592,9,3,2026
15358.864568238256,5200,1600,6800,500,200,300,250,406,180,70,750,500,50,20,200,2627.9448559577704,6053.94485595777,1492.1102880844592,10,4,2026
15772.236134177416,5200,1600,6800,500,200,300,250,406,180,70,750,500,50,20,200,2627.9448559577704,6053.94485595777,1492.1102880844592,11,4,2026
16188.019034251221,5200,1600,6800,500,200,300,250,406,180,70,750,500,50,20,200,2627.9448559577704,6053.94485595777,1492.1102880844592,12,4,2026
16606.22733457546,5200,1600,6800,500,200,300,250,406,180,70,750,500,50,20,200,2627.9448559577704,6053.94485595777,1492.1102880844592,1,1,2027
17026.875183318254,5200,1600,6800,500,200,300,250,406,180,70,750,500,50,20,200,2627.9448559577704,6053.94485595777,1492.1102880844592,2,1,2027
17449.976811178713,5200,1600,6800,500,200,300,250,406,180,70,750,500,50,20,200,2627.9448559577704,6053.94485595777,1492.1102880844592,3,1,2027
17875.54653186836,5200,1600,6800,500,200,300,250,406,180,70,750,500,50,20,200,2627.9448559577704,6053.94485595777,1492.1102880844592,4,2,2027
18303.598742595364,5200,1600,6800,500,200,300,250,406,180,70,750,500,50,20,200,2627.9448559577704,6053.94485595777,1492.1102880844592,5,2,2027
18734.14792455161,5200,1600,6800,500,200,300,250,406,180,70,750,500,50,20,200,2627.9448559577704,6053.94485595777,1492.1102880844592,6,2,2027
19167.2086434026,5200,1600,6800,500,200,300,250,406,180,70,750,500,50,20,200,2627.9448559577704,6053.94485595777,1492.1102880844592,7,3,2027
19602.795549780218,5200,1600,6800,500,200,300,250,406,180,70,750,500,50,20,200,2627.9448559577704,6053.94485595777,1492.1102880844592,8,3,2027
20040.923379778375,5200,1600,6800,500,200,300,250,406,180,70,750,500,50,20,200,2627.9448559577704,6053.94485595777,1492.1102880844592,9,3,2027
20481.60695545152,5200,1600,6800,500,200,300,250,406,180,70,750,500,50,20,200,2627.9448559577704,6053.94485595777,1492.1102880844592,10,4,2027
20924.86118531609,5200,1600,6800,500,200,300,250,406,180,70,750,500,50,20,200,2627.9448559577704,6053.94485595777,1492.1102880844592,11,4,2027
21370.70106485487,5200,1600,6800,500,200,300,250,406,180,70,750,500,50,20,200,2627.9448559577704,6053.94485595777,1492.1102880844592,12,4,2027
21819.141677024294,5200,1600,6800,500,200,300,250,406,180,70,750,500,50,20,200,2627.9448559577704,6053.94485595777,1492.1102880844592,1,1,2028
22270.198192764707,5200,1600,6800,500,200,300,250,406,180,70,750,500,50,20,200,2627.9448559577704,6053.94485595777,1492.1102880844592,2,1,2028
22723.885871513605,5200,1600,6800,500,200,300,250,406,180,70,750,500,50,20,200,2627.9448559577704,6053.94485595777,1492.1102880844592,3,1,2028
23180.220061721873,5200,1600,6800,500,200,300,250,406,180,70,750,500,50,20,200,2627.9448559577704,6053.94485595777,1492.1102880844592,4,2,2028
23639.216201373023,5200,1600,6800,500,200,300,250,406,180,70,750,500,50,20,200,2627.9448559577704,6053.94485595777,1492.1102880844592,5,2,2028
24100.88981850547,5200,1600,6800,500,200,300,250,406,180,70,750,500,50,20,200,2627.9448559577704,6053.94485595777,1492.1102880844592,6,2,2028
24565.256531737858,5200,1600,6800,500,200,300,250,406,180,70,750,500,50,20,200,2627.9448559577704,6053.94485595777,1492.1102880844592,7,3,2028
25032.33205079743,5200,1600,6800,500,200,300,250,406,180,70,750,500,50,20,200,2627.9448559577704,6053.94485595777,1492.1102880844592,8,3,2028
25502.13217705152,5200,1600,6800,500,200,300,250,406,180,70,750,500,50,20,200,2627.9448559577704,6053.94485595777,1492.1102880844592,9,3,2028
25974.672804042093,5200,1600,6800,500,200,300,250,406,180,70,750,500,50,20,200,2627.9448559577704,6053.94485595777,1492.1102880844592,10,4,2028
26449.969918023442,5200,1600,6800,500,200,300,250,406,180,70,750,500,50,20,200,2627.9448559577704,6053.94485595777,1492.1102880844592,11,4,2028
26928.039598503015,5200,1600,6800,500,200,300,250,406,180,70,750,500,50,20,200,2627.9448559577704,6053.94485595777,1492.1102880844592,12,4,2028
27408.89801878539,5200,1600,6800,500,200,300,250,406,180,70,750,500,50,20,200,2627.9448559577704,6053.94485595777,1492.1102880844592,1,1,2029
27892.56144651941,5200,1600,6800,500,200,300,250,406,180,70,750,500,50,20,200,2627.9448559577704,6053.94485595777,1492.1102880844592,2,1,2029
28379.046244248544,5200,1600,6800,500,200,300,250,406,180,70,750,500,50,20,200,2627.9448559577704,6053.94485595777,1492.1102880844592,3,1,2029
28868.36886996443,5200,1600,6800,500,200,300,250,406,180,70,750,500,50,20,200,2627.9448559577704,6053.94485595777,1492.1102880844592,4,2,2029
29360.54587766366,5200,1600,6800,500,200,300,250,406,180,70,750,500,50,20,200,2627.9448559577704,6053.94485595777,1492.1102880844592,5,2,2029
29855.5939179078,5200,1600,6800,500,200,300,250,406,180,70,750,500,50,20,200,2627.9448559577704,6053.94485595777,1492.1102880844592,6,2,2029
30353.5297383867,5200,1600,6800,500,200,300,250,406,180,70,750,500,50,20,200,2627.9448559577704,6053.94485595777,1492.1102880844592,7,3,2029
30854.37018448506,5200,1600,6800,500,200,300,250,406,180,70,750,500,50,20,200,2627.9448559577704,6053.94485595777,1492.1102880844592,8,3,2029
31358.132199852327,5200,1600,6800,500,200,300,250,406,180,70,750,500,50,20,200,2627.9448559577704,6053.94485595777,1492.1102880844592,9,3,2029
31864.832826975904,5200,1600,6800,500,200,300,250,406,180,70,750,500,50,20,200,2627.9448559577704,6053.94485595777,1492.1102880844592,10,4,2029
32374.489207757702,5200,1600,6800,500,200,300,250,406,180,70,750,500,50,20,200,2627.9448559577704,6053.94485595777,1492.1102880844592,11,4,2029
32887.11858409406,5200,1600,6800,500,200,300,250,406,180,70,750,500,50,20,200,2627.9448559577704,6053.94485595777,1492.1102880844592,12,4,2029
33402.738298459044,5200,1600,6800,500,200,300,250,406,180,70,750,500,50,20,200,2627.9448559577704,6053.94485595777,1492.1102880844592,1,1,2030
33921.36579449116,5200,1600,6800,500,200,300,250,406,180,70,750,500,50,20,200,2627.9448559577704,6053.94485595777,1492.1102880844592,2,1,2030
34443.01861758346,5200,1600,6800,500,200,300,250,406,180,70,750,500,50,20,200,2627.9448559577704,6053.94485595777,1492.1102880844592,3,1,2030
34967.71441547714,5200,1600,6800,500,200,300,250,406,180,70,750,500,50,20,200,2627.9448559577704,6053.94485595777,1492.1102880844592,4,2,2030
35495.470938858525,5200,1600,6800,500,200,300,250,406,180,70,750,500,50,20,200,2627.9448559577704,6053.94485595777,1492.1102880844592,5,2,2030
36026.30604195964,5200,1600,6800,500,200,300,250,406,180,70,750,500,50,20,200,2627.9448559577704,6053.94485595777,1492.1102880844592,6,2,2030
36560.23768316217,5200,1600,6800,500,200,300,250,406,180,70,750,500,50,20,200,2627.9448559577704,6053.94485595777,1492.1102880844592,7,3,2030
37097.28392560506,5200,1600,6800,500,200,300,250,406,180,70,750,500,50,20,200,2627.9448559577704,6053.94485595777,1492.1102880844592,8,3,2030
37637.46293779553,5200,1600,6800,500,200,300,250,406,180,70,750,500,50,20,200,2627.9448559577704,6053.94485595777,1492.1102880844592,9,3,2030
38180.792994223775,5200,1600,6800,500,200,300,250,406,180,70,750,500,50,20,200,2627.9448559577704,6053.94485595777,1492.1102880844592,10,4,2030
38727.29247598119,5200,1600,6800,500,200,300,250,406,180,70,750,500,50,20,200,2627.9448559577704,6053.94485595777,1492.1102880844592,11,4,2030
39276.97987138218,5200,1600,6800,500,200,300,250,406,180,70,750,500,50,20,200,2627.9448559577704,6053.94485595777,1492.1102880844592,12,4,2030
39829.87377658968,5200,1600,6800,500,200,300,250,406,180,70,750,500,50,20,200,2627.9448559577704,6053.94485595777,1492.1102880844592,1,1,2031
40385.99289624423,5200,1600,6800,500,200,300,250,406,180,70,750,500,50,20,200,2627.9448559577704,6053.94485595777,1492.1102880844592,2,1,2031
40945.356044096756,5200,1600,6800,500,200,300,250,406,180,70,750,500,50,20,200,2627.9448559577704,6053.94485595777,1492.1102880844592,3,1,2031
41507.98214364509,5200,1600,6800,500,200,300,250,406,180,70,750,500,50,20,200,2627.9448559577704,6053.94485595777,1492.1102880844592,4,2,2031
42073.89022877412,5200,1600,6800,500,200,300,250,406,180,70,750,500,50,20,200,2627.9448559577704,6053.94485595777,1492.1102880844592,5,2,2031
42643.09944439974,5200,1600,6800,500,200,300,250,406,180,70,750,500,50,20,200,2627.9448559577704,6053.94485595777,1492.1102880844592,6,2,2031
43215.62904711651,5200,1600,6800,500,200,300,250,406,180,70,750,500,50,20,200,2627.9448559577704,6053.94485595777,1492.1102880844592,7,3,2031
43791.49840584913,5200,1600,6800,500,200,300,250,406,180,70,750,500,50,20,200,2627.9448559577704,6053.94485595777,1492.1102880844592,8,3,2031
44370.72700250769,5200,1600,6800,500,200,300,250,406,180,70,750,500,50,20,200,2627.9448559577704,6053.94485595777,1492.1102880844592,9,3,2031
44953.334432646756,5200,1600,6800,500,200,300,250,406,180,70,750,500,50,20,200,2627.9448559577704,6053.94485595777,1492.1102880844592,10,4,2031
45539.3404061283,5200,1600,6800,500,200,300,250,406,180,70,750,500,50,20,200,2627.9448559577704,6053.94485595777,1492.1102880844592,11,4,2031
46128.76474778849,5200,1600,6800,500,200,300,250,406,180,70,750,500,50,20,200,2627.9448559577704,6053.94485595777,1492.1102880844592,12,4,2031
46721.62739810836,5200,1600,6800,500,200,300,250,406,180,70,750,500,50,20,200,2627.9448559577704,6053.94485595777,1492.1102880844592,1,1,2032
47317.94841388843,5200,1600,6800,500,200,300,250,406,180,70,750,500,50,20,200,2627.9448559577704,6053.94485595777,1492.1102880844592,2,1,2032
47917.747968927215,5200,1600,6800,500,200,300,250,406,180,70,750,500,50,20,200,2627.9448559577704,6053.94485595777,1492.1102880844592,3,1,2032
48521.04635470373,5200,1600,6800,500,200,300,250,406,180,70,750,500,50,20,200,2627.9448559577704,6053.94485595777,1492.1102880844592,4,2,2032
49127.863981063936,5200,1600,6800,500,200,300,250,406,180,70,750,500,50,20,200,2627.9448559577704,6053.94485595777,1492.1102880844592,5,2,2032
49738.22137691125,5200,1600,6800,500,200,300,250,406,180,70,750,500,50,20,200,2627.9448559577704,6053.94485595777,1492.1102880844592,6,2,2032
50352.139190901005,5200,1600,6800,500,200,300,250,406,180,70,750,500,50,20,200,2627.9448559577704,6053.94485595777,1492.1102880844592,7,3,2032
50969.638192139035,5200,1600,6800,500,200,300,250,406,180,70,750,500,50,20,200,2627.9448559577704,6053.94485595777,1492.1102880844592,8,3,2032
51590.73927088428,5200,1600,6800,500,200,300,250,406,180,70,750,500,50,20,200,2627.9448559577704,6053.94485595777,1492.1102880844592,9,3,2032
52215.463439255545,5200,1600,6800,500,200,300,250,406,180,70,750,500,50,20,200,2627.9448559577704,6053.94485595777,1492.1102880844592,10,4,2032
52843.831831942305,5200,1600,6800,500,200,300,250,406,180,70,750,500,50,20,200,2627.9448559577704,6053.94485595777,1492.1102880844592,11,4,2032
53475.865706919736,5200,1600,6800,500,200,300,250,406,180,70,750,500,50,20,200,2627.9448559577704,6053.94485595777,1492.1102880844592,12,4,2032
54111.58644616787,5200,1600,6800,500,200,300,250,406,180,70,750,500,50,20,200,2627.9448559577704,6053.94485595777,1492.1102880844592,1,1,2033
54751.01555639496,5200,1600,6800,500,200,300,250,406,180,70,750,500,50,20,200,2627.9448559577704,6053.94485595777,1492.1102880844592,2,1,2033
55394.17466976504,5200,1600,6800,500,200,300,250,406,180,70,750,500,50,20,200,2627.9448559577704,6053.94485595777,1492.1102880844592,3,1,2033
56041.08554462977,5200,1600,6800,500,200,300,250,406,180,70,750,500,50,20,200,2627.9448559577704,6053.94485595777,1492.1102880844592,4,2,2033
56691.77006626455,5200,1600,6800,500,200,300,250,406,180,70,750,500,50,20,200,2627.9448559577704,6053.94485595777,1492.1102880844592,5,2,2033
57346.25024760886,5200,1600,6800,500,200,300,250,406,180,70,750,500,50,20,200,2627.9448559577704,6053.94485595777,1492.1102880844592,6,2,2033
58004.548230011016,5200,1600,6800,500,200,300,250,406,180,70,750,500,50,20,200,2627.9448559577704,6053.94485595777,1492.1102880844592,7,3,2033
58666.686283977186,5200,1600,6800,500,200,300,250,406,180,70,750,500,50,20,200,2627.9448559577704,6053.94485595777,1492.1102880844592,8,3,2033
59332.686809924824,5200,1600,6800,500,200,300,250,406,180,70,750,500,50,20,200,2627.9448559577704,6053.94485595777,1492.1102880844592,9,3,2033
60002.57233894049,5200,1600,6800,500,200,300,250,406,180,70,750,500,50,20,200,2627.9448559577704,6053.94485595777,1492.1102880844592,10,4,2033
60676.36553354208,5200,1600,6800,500,200,300,250,406,180,70,750,500,50,20,200,2627.9448559577704,6053.94485595777,1492.1102880844592,11,4,2033
61354.08918844551,5200,1600,6800,500,200,300,250,406,180,70,750,500,50,20,200,2627.9448559577704,6053.94485595777,1492.1102880844592,12,4,2033
62035.76623133588,5200,1600,6800,500,200,300,250,406,180,70,750,500,50,20,200,2627.9448559577704,6053.94485595777,1492.1102880844592,1,1,2034
62721.419723643114,5200,1600,6800,500,200,300,250,406,180,70,750,500,50,20,200,2627.9448559577704,6053.94485595777,1492.1102880844592,2,1,2034
63411.072861322136,5200,1600,6800,500,200,300,250,406,180,70,750,500,50,20,200,2627.9448559577704,6053.94485595777,1492.1102880844592,3,1,2034
64104.74897563762,5200,1600,6800,500,200,300,250,406,180,70,750,500,50,20,200,2627.9448559577704,6053.94485595777,1492.1102880844592,4,2,2034
64802.471533953285,5200,1600,6800,500,200,300,250,406,180,70,750,500,50,20,200,2627.9448559577704,6053.94485595777,1492.1102880844592,5,2,2034
65504.26414052578,5200,1600,6800,500,200,300,250,406,180,70,750,500,50,20,200,2627.9448559577704,6053.94485595777,1492.1102880844592,6,2,2034
66210.15053730329,5200,1600,6800,500,200,300,250,406,180,70,750,500,50,20,200,2627.9448559577704,6053.94485595777,1492.1102880844592,7,3,2034
66920.15460472865,5200,1600,6800,500,200,300,250,406,180,70,750,500,50,20,200,2627.9448559577704,6053.94485595777,1492.1102880844592,8,3,2034
67634.30036254734,5200,1600,6800,500,200,300,250,406,180,70,750,500,50,20,200,2627.9448559577704,6053.94485595777,1492.1102880844592,9,3,2034
68352.61197061997,5200,1600,6800,500,200,300,250,406,180,70,750,500,50,20,200,2627.9448559577704,6053.94485595777,1492.1102880844592,10,4,2034
69075.11372973969,5200,1600,6800,500,200,300,250,406,180,70,750,500,50,20,200,2627.9448559577704,6053.94485595777,1492.1102880844592,11,4,2034
69801.83008245428,5200,1600,6800,500,200,300,250,406,180,70,750,500,50,20,200,2627.9448559577704,6053.94485595777,1492.1102880844592,12,4,2034
70532.78561389304,5200,1600,6800,500,200,300,250,406,180,70,750,500,50,20,200,2627.9448559577704,6053.94485595777,1492.1102880844592,1,1,2035
71268.00505259851,5200,1600,6800,500,200,300,250,406,180,70,750,500,50,20,200,2627.9448559577704,6053.94485595777,1492.1102880844592,2,1,2035
72007.5132713631,5200,1600,6800,500,200,300,250,406,180,70,750,500,50,20,200,2627.9448559577704,6053.94485595777,1492.1102880844592,3,1,2035
72751.33528807049,5200,1600,6800,500,200,300,250,406,180,70,750,500,50,20,200,2627.9448559577704,6053.94485595777,1492.1102880844592,4,2,2035
73499.496266542,5200,1600,6800,500,200,300,250,406,180,70,750,500,50,20,200,2627.9448559577704,6053.94485595777,1492.1102880844592,5,2,2035
74252.02151738794,5200,1600,6800,500,200,300,250,406,180,70,750,500,50,20,200,2627.9448559577704,6053.94485595777,1492.1102880844592,6,2,2035
75008.93649886381,5200,1600,6800,500,200,300,250,406,180,70,750,500,50,20,200,2627.9448559577704,6053.94485595777,1492.1102880844592,7,3,2035
75770.26681773162,5200,1600,6800,500,200,300,250,406,180,70,750,500,50,20,200,2627.9448559577704,6053.94485595777,1492.1102880844592,8,3,2035
76536.03823012616,5200,1600,6800,500,200,300,250,406,180,70,750,500,50,20,200,2627.9448559577704,6053.94485595777,1492.1102880844592,9,3,2035
77306.27664242632,5200,1600,6800,500,200,300,250,406,180,70,750,500,50,20,200,2627.9448559577704,6053.94485595777,1492.1102880844592,10,4,2035
78081.00811213159,5200,1600,6800,500,200,300,250,406,180,70,750,500,50,20,200,2627.9448559577704,6053.94485595777,1492.1102880844592,11,4,2035
78860.25884874346,5200,1600,6800,500,200,300,250,406,180,70,750,500,50,20,200,2627.9448559577704,6053.94485595777,1492.1102880844592,12,4,2035
79644.05521465222,5200,1600,6800,500,200,300,250,406,180,70,750,500,50,20,200,2627.9448559577704,6053.94485595777,1492.1102880844592,1,1,2036
80432.4237260288,5200,1600,6800,500,200,300,250,406,180,70,750,500,50,20,200,2627.9448559577704,6053.94485595777,1492.1102880844592,2,1,2036
81225.39105372175,5200,1600,6800,500,200,300,250,406,180,70,750,500,50,20,200,2627.9448559577704,6053.94485595777,1492.1102880844592,3,1,2036
82022.98402415957,5200,1600,6800,500,200,300,250,406,180,70,750,500,50,20,200,2627.9448559577704,6053.94485595777,1492.1102880844592,4,2,2036
82825.22962025827,5200,1600,6800,500,200,300,250,406,180,70,750,500,50,20,200,2627.9448559577704,6053.94485595777,1492.1102880844592,5,2,2036
83632.1549823342,5200,1600,6800,500,200,300,250,406,180,70,750,500,50,20,200,2627.9448559577704,6053.94485595777,1492.1102880844592,6,2,2036
84443.78740902226,5200,1600,6800,500,200,300,250,406,180,70,750,500,50,20,200,2627.9448559577704,6053.94485595777,1492.1102880844592,7,3,2036
85260.15435819933,5200,1600,6800,500,200,300,250,406,180,70,750,500,50,20,200,2627.9448559577704,6053.94485595777,1492.1102880844592,8,3,2036
86081.28344791327,5200,1600,6800,500,200,300,250,406,180,70,750,500,50,20,200,2627.9448559577704,6053.94485595777,1492.1102880844592,9,3,2036
86907.20245731721,5200,1600,6800,500,200,300,250,406,180,70,750,500,50,20,200,2627.9448559577704,6053.94485595777,1492.1102880844592,10,4,2036
87737.93932760933,5200,1600,6800,500,200,300,250,406,180,70,750,500,50,20,200,2627.9448559577704,6053.94485595777,1492.1102880844592,11,4,2036
88573.52216297816,5200,1600,6800,500,200,300,250,406,180,70,750,500,50,20,200,2627.9448559577704,6053.94485595777,1492.1102880844592,12,4,2036
89413.9792315533,5200,1600,6800,500,200,300,250,406,180,70,750,500,50,20,200,2627.9448559577704,6053.94485595777,1492.1102880844592,1,1,2037
90259.3389663618,5200,1600,6800,500,200,300,250,406,180,70,750,500,50,20,200,2627.9448559577704,6053.94485595777,1492.1102880844592,2,1,2037
91109.62996629001,5200,1600,6800,500,200,300,250,406,180,70,750,500,50,20,200,2627.9448559577704,6053.94485595777,1492.1102880844592,3,1,2037
91964.88099705115,5200,1600,6800,500,200,300,250,406,180,70,750,500,50,20,200,2627.9448559577704,6053.94485595777,1492.1102880844592,4,2,2037
92825.1209921584,5200,1600,6800,500,200,300,250,406,180,70,750,500,50,20,200,2627.9448559577704,6053.94485595777,1492.1102880844592,5,2,2037
93690.37905390376,5200,1600,6800,500,200,300,250,406,180,70,750,500,50,20,200,2627.9448559577704,6053.94485595777,1492.1102880844592,6,2,2037
94560.68445434264,5200,1600,6800,500,200,300,250,406,180,70,750,500,50,20,200,2627.9448559577704,6053.94485595777,1492.1102880844592,7,3,2037
95436.06663628409,5200,1600,6800,500,200,300,250,406,180,70,750,500,50,20,200,2627.9448559577704,6053.94485595777,1492.1102880844592,8,3,2037
96316.55521428685,5200,1600,6800,500,200,300,250,406,180,70,750,500,50,20,200,2627.9448559577704,6053.94485595777,1492.1102880844592,9,3,2037
97202.1799756613,5200,1600,6800,500,200,300,250,406,180,70,750,500,50,20,200,2627.9448559577704,6053.94485595777,1492.1102880844592,10,4,2037
98092.9708814771,5200,1600,6800,500,200,300,250,406,180,70,750,500,50,20,200,2627.9448559577704,6053.94485595777,1492.1102880844592,11,4,2037
98988.95806757682,5200,1600,6800,500,200,300,250,406,180,70,750,500,50,20,200,2627.9448559577704,6053.94485595777,1492.1102880844592,12,4,2037
99890.17184559545,5200,1600,6800,500,200,300,250,406,180,70,750,500,50,20,200,2627.9448559577704,6053.94485595777,1492.1102880844592,1,1,2038
100796.64270398587,5200,1600,6800,500,200,300,250,406,180,70,750,500,50,20,200,2627.9448559577704,6053.94485595777,1492.1102880844592,2,1,2038
101708.40130905023,5200,1600,6800,500,200,300,250,406,180,70,750,500,50,20,200,2627.9448559577704,6053.94485595777,1492.1102880844592,3,1,2038
102625.47850597746,5200,1600,6800,500,200,300,250,406,180,70,750,500,50,20,200,2627.9448559577704,6053.94485595777,1492.1102880844592,4,2,2038
103547.90531988676,5200,1600,6800,500,200,300,250,406,180,70,750,500,50,20,200,2627.9448559577704,6053.94485595777,1492.1102880844592,5,2,2038
104475.7129568772,5200,1600,6800,500,200,300,250,406,180,70,750,500,50,20,200,2627.9448559577704,6053.94485595777,1492.1102880844592,6,2,2038
105408.93280508343,5200,1600,6800,500,200,300,250,406,180,70,750,500,50,20,200,2627.9448559577704,6053.94485595777,1492.1102880844592,7,3,2038
106347.59643573752,5200,1600,6800,500,200,300,250,406,180,70,750,500,50,20,200,2627.9448559577704,6053.94485595777,1492.1102880844592,8,3,2038
107291.7356042371,5200,1600,6800,500,200,300,250,406,180,70,750,500,50,20,200,2627.9448559577704,6053.94485595777,1492.1102880844592,9,3,2038
108241.38225121959,5200,1600,6800,500,200,300,250,406,180,70,750,500,50,20,200,2627.9448559577704,6053.94485595777,1492.1102880844592,10,4,2038
109196.56850364282,5200,1600,6800,500,200,300,250,406,180,70,750,500,50,20,200,2627.9448559577704,6053.94485595777,1492.1102880844592,11,4,2038
110157.32667587184,5200,1600,6800,500,200,300,250,406,180,70,750,500,50,20,200,2627.9448559577704,6053.94485595777,1492.1102880844592,12,4,2038
111123.6892707722,5200,1600,6800,500,200,300,250,406,180,70,750,500,50,20,200,2627.9448559577704,6053.94485595777,1492.1102880844592,1,1,2039
112095.68898080947,5200,1600,6800,500,200,300,250,406,180,70,750,500,50,20,200,2627.9448559577704,6053.94485595777,1492.1102880844592,2,1,2039
113073.3586891553,5200,1600,6800,500,200,300,250,406,180,70,750,500,50,20,200,2627.9448559577704,6053.94485595777,1492.1102880844592,3,1,2039
114056.73147079982,5200,1600,6800,500,200,300,250,406,180,70,750,500,50,20,200,2627.9448559577704,6053.94485595777,1492.1102880844592,4,2,2039
115045.84059367058,5200,1600,6800,500,200,300,250,406,180,70,750,500,50,20,200,2627.9448559577704,6053.94485595777,1492.1102880844592,5,2,2039
116040.7195197581,5200,1600,6800,500,200,300,250,406,180,70,750,500,50,20,200,2627.9448559577704,6053.94485595777,1492.1102880844592,6,2,2039
117041.4019062478,5200,1600,6800,500,200,300,250,406,180,70,750,500,50,20,200,2627.9448559577704,6053.94485595777,1492.1102880844592,7,3,2039
118047.9216066587,5200,1600,6800,500,200,300,250,406,180,70,750,500,50,20,200,2627.9448559577704,6053.94485595777,1492.1102880844592,8,3,2039
119060.31267198865,5200,1600,6800,500,200,300,250,406,180,70,750,500,50,20,200,2627.9448559577704,6053.94485595777,1492.1102880844592,9,3,2039
120078.60935186635,5200,1600,6800,500,200,300,250,406,180,70,750,500,50,20,200,2627.9448559577704,6053.94485595777,1492.1102880844592,10,4,2039
121102.84609571002,5200,1600,6800,500,200,300,250,406,180,70,750,500,50,20,200,2627.9448559577704,6053.94485595777,1492.1102880844592,11,4,2039
122133.05755389277,5200,1600,6800,500,200,300,250,406,180,70,750,500,50,20,200,2627.9448559577704,6053.94485595777,1492.1102880844592,12,4,2039
123169.27857891492,5200,1600,6800,500,200,300,250,406,180,70,750,500,50,20,200,2627.9448559577704,6053.94485595777,1492.1102880844592,1,1,2040
124211.54422658304,5200,1600,6800,500,200,300,250,406,180,70,750,500,50,20,200,2627.9448559577704,6053.94485595777,1492.1102880844592,2,1,2040
125259.88975719588,5200,1600,6800,500,200,300,250,406,180,70,750,500,50,20,200,2627.9448559577704,6053.94485595777,1492.1102880844592,3,1,2040
126314.35063673729,5200,1600,6800,500,200,300,250,406,180,70,750,500,50,20,200,2627.9448559577704,6053.94485595777,1492.1102880844592,4,2,2040
127374.96253807603,5200,1600,6800,500,200,300,250,406,180,70,750,500,50,20,200,2627.9448559577704,6053.94485595777,1492.1102880844592,5,2,2040
128441.76134217257,5200,1600,6800,500,200,300,250,406,180,70,750,500,50,20,200,2627.9448559577704,6053.94485595777,1492.1102880844592,6,2,2040
129514.78313929302,5200,1600,6800,500,200,300,250,406,180,70,750,500,50,20,200,2627.9448559577704,6053.94485595777,1492.1102880844592,7,3,2040
130594.06423023001,5200,1600,6800,500,200,300,250,406,180,70,750,500,50,20,200,2627.9448559577704,6053.94485595777,1492.1102880844592,8,3,2040
131679.6411275308,5200,1600,6800,500,200,300,250,406,180,70,750,500,50,20,200,2627.9448559577704,6053.94485595777,1492.1102880844592,9,3,2040
132771.55055673252,5200,1600,6800,500,200,300,250,406,180,70,750,500,50,20,200,2627.9448559577704,6053.94485595777,1492.1102880844592,10,4,2040
133869.82945760456,5200,1600,6800,500,200,300,250,406,180,70,750,500,50,20,200,2627.9448559577704,6053.94485595777,1492.1102880844592,11,4,2040
134974.51498539836,5200,1600,6800,500,200,300,250,406,180,70,750,500,50,20,200,2627.9448559577704,6053.94485595777,1492.1102880844592,12,4,2040
136085.64451210428,5200,1600,6800,500,200,300,250,406,180,70,750,500,50,20,200,2627.9448559577704,6053.94485595777,1492.1102880844592,1,1,2041
137203.255627716,5200,1600,6800,500,200,300,250,406,180,70,750,500,50,20,200,2627.9448559577704,6053.94485595777,1492.1102880844592,2,1,2041
138327.3861415021,5200,1600,6800,500,200,300,250,406,180,70,750,500,50,20,200,2627.9448559577704,6053.94485595777,1492.1102880844592,3,1,2041
139458.0740832853,5200,1600,6800,500,200,300,250,406,180,70,750,500,50,20,200,2627.9448559577704,6053.94485595777,1492.1102880844592,4,2,2041
140595.3577047289,5200,1600,6800,500,200,300,250,406,180,70,750,500,50,20,200,2627.9448559577704,6053.94485595777,1492.1102880844592,5,2,2041
141739.27548063092,5200,1600,6800,500,200,300,250,406,180,70,750,500,50,20,200,2627.9448559577704,6053.94485595777,1492.1102880844592,6,2,2041
142889.8661102257,5200,1600,6800,500,200,300,250,406,180,70,750,500,50,20,200,2627.9448559577704,6053.94485595777,1492.1102880844592,7,3,2041
144047.16851849313,5200,1600,6800,500,200,300,250,406,180,70,750,500,50,20,200,2627.9448559577704,6053.94485595777,1492.1102880844592,8,3,2041
145211.22185747544,5200,1600,6800,500,200,300,250,406,180,70,750,500,50,20,200,2627.9448559577704,6053.94485595777,1492.1102880844592,9,3,2041
146382.06550760183,5200,1600,6800,500,200,300,250,406,180,70,750,500,50,20,200,2627.9448559577704,6053.94485595777,1492.1102880844592,10,4,2041
147559.73907902063,5200,1600,6800,500,200,300,250,406,180,70,750,500,50,20,200,2627.9448559577704,6053.94485595777,1492.1102880844592,11,4,2041
148744.28241293936,5200,1600,6800,500,200,300,250,406,180,70,750,500,50,20,200,2627.9448559577704,6053.94485595777,1492.1102880844592,12,4,2041
149935.73558297261,5200,1600,6800,500,200,300,250,406,180,70,750,500,50,20,200,2627.9448559577704,6053.94485595777,1492.1102880844592,1,1,2042
151134.13889649772,5200,1600,6800,500,200,300,250,406,180,70,750,500,50,20,200,2627.9448559577704,6053.94485595777,1492.1102880844592,2,1,2042
152339.5328960184,5200,1600,6800,500,200,300,250,406,180,70,750,500,50,20,200,2627.9448559577704,6053.94485595777,1492.1102880844592,3,1,2042
153551.9583605363,5200,1600,6800,500,200,300,250,406,180,70,750,500,50,20,200,2627.9448559577704,6053.94485595777,1492.1102880844592,4,2,2042
154771.45630693051,5200,1600,6800,500,200,300,250,406,180,70,750,500,50,20,200,2627.9448559577704,6053.94485595777,1492.1102880844592,5,2,2042
155998.0679913454,5200,1600,6800,500,200,300,250,406,180,70,750,500,50,20,200,2627.9448559577704,6053.94485595777,1492.1102880844592,6,2,2042
157231.834910586,5200,1600,6800,500,200,300,250,406,180,70,750,500,50,20,200,2627.9448559577704,6053.94485595777,1492.1102880844592,7,3,2042
158472.7988035222,5200,1600,6800,500,200,300,250,406,180,70,750,500,50,20,200,2627.9448559577704,6053.94485595777,1492.1102880844592,8,3,2042
159721.0016525005,5200,1600,6800,500,200,300,250,406,180,70,750,500,50,20,200,2627.9448559577704,6053.94485595777,1492.1102880844592,9,3,2042
160976.48568476454,5200,1600,6800,500,200,300,250,406,180,70,750,500,50,20,200,2627.9448559577704,6053.94485595777,1492.1102880844592,10,4,2042
162239.29337388344,5200,1600,6800,500,200,300,250,406,180,70,750,500,50,20,200,2627.9448559577704,6053.94485595777,1492.1102880844592,11,4,2042
163509.46744118887,5200,1600,6800,500,200,300,250,406,180,70,750,500,50,20,200,2627.9448559577704,6053.94485595777,1492.1102880844592,12,4,2042
164787.05085722025,5200,1600,6800,500,200,300,250,406,180,70,750,500,50,20,200,2627.9448559577704,6053.94485595777,1492.1102880844592,1,1,2043
166072.0868431785,5200,1600,6800,500,200,300,250,406,180,70,750,500,50,20,200,2627.9448559577704,6053.94485595777,1492.1102880844592,2,1,2043
167364.61887238815,5200,1600,6800,500,200,300,250,406,180,70,750,500,50,20,200,2627.9448559577704,6053.94485595777,1492.1102880844592,3,1,2043
168664.69067176818,5200,1600,6800,500,200,300,250,406,180,70,750,500,50,20,200,2627.9448559577704,6053.94485595777,1492.1102880844592,4,2,2043
169972.34622331127,5200,1600,6800,500,200,300,250,406,180,70,750,500,50,20,200,2627.9448559577704,6053.94485595777,1492.1102880844592,5,2,2043
171287.62976557168,5200,1600,6800,500,200,300,250,406,180,70,750,500,50,20,200,2627.9448559577704,6053.94485595777,1492.1102880844592,6,2,2043
172610.58579516195,5200,1600,6800,500,200,300,250,406,180,70,750,500,50,20,200,2627.9448559577704,6053.94485595777,1492.1102880844592,7,3,2043
173941.25906825816,5200,1600,6800,500,200,300,250,406,180,70,750,500,50,20,200,2627.9448559577704,6053.94485595777,1492.1102880844592,8,3,2043
175279.69460211412,5200,1600,6800,500,200,300,250,406,180,70,750,500,50,20,200,2627.9448559577704,6053.94485595777,1492.1102880844592,9,3,2043
176625.93767658423,5200,1600,6800,500,200,300,250,406,180,70,750,500,50,20,200,2627.9448559577704,6053.94485595777,1492.1102880844592,10,4,2043
177980.03383565543,5200,1600,6800,500,200,300,250,406,180,70,750,500,50,20,200,2627.9448559577704,6053.94485595777,1492.1102880844592,11,4,2043
179342.02888898787,5200,1600,6800,500,200,300,250,406,180,70,750,500,50,20,200,2627.9448559577704,6053.94485595777,1492.1102880844592,12,4,2043
180711.96891346475,5200,1600,6800,500,200,300,250,406,180,70,750,500,50,20,200,2627.9448559577704,6053.94485595777,1492.1102880844592,1,1,2044
182089.90025475106,5200,1600,6800,500,200,300,250,406,180,70,750,500,50,20,200,2627.9448559577704,6053.94485595777,1492.1102880844592,2,1,2044
183475.86952886154,5200,1600,6800,500,200,300,250,406,180,70,750,500,50,20,200,2627.9448559577704,6053.94485595777,1492.1102880844592,3,1,2044
184869.92362373768,5200,1600,6800,500,200,300,250,406,180,70,750,500,50,20,200,2627.9448559577704,6053.94485595777,1492.1102880844592,4,2,2044
186272.1097008339,5200,1600,6800,500,200,300,250,406,180,70,750,500,50,20,200,2627.9448559577704,6053.94485595777,1492.1102880844592,5,2,2044
187682.47519671323,5200,1600,6800,500,200,300,250,406,180,70,750,500,50,20,200,2627.9448559577704,6053.94485595777,1492.1102880844592,6,2,2044
189101.06782465184,5200,1600,6800,500,200,300,250,406,180,70,750,500,50,20,200,2627.9448559577704,6053.94485595777,1492.1102880844592,7,3,2044
190527.93557625343,5200,1600,6800,500,200,300,250,406,180,70,750,500,50,20,200,2627.9448559577704,6053.94485595777,1492.1102880844592,8,3,2044
191963.12672307267,5200,1600,6800,500,200,300,250,406,180,70,750,500,50,20,200,2627.9448559577704,6053.94485595777,1492.1102880844592,9,3,2044
193406.68981824836,5200,1600,6800,500,200,300,250,406,180,70,750,500,50,20,200,2627.9448559577704,6053.94485595777,1492.1102880844592,10,4,2044
194858.67369814593,5200,1600,6800,500,200,300,250,406,180,70,750,500,50,20,200,2627.9448559577704,6053.94485595777,1492.1102880844592,11,4,2044
196319.12748400954,5200,1600,6800,500,200,300,250,406,180,70,750,500,50,20,200,2627.9448559577704,6053.94485595777,1492.1102880844592,12,4,2044
197788.10058362404,5200,1600,6800,500,200,300,250,406,180,70,750,500,50,20,200,2627.9448559577704,6053.94485595777,1492.1102880844592,1,1,2045
199265.6426929863,5200,1600,6800,500,200,300,250,406,180,70,750,500,50,20,200,2627.9448559577704,6053.94485595777,1492.1102880844592,2,1,2045
200751.80379798647,5200,1600,6800,500,200,300,250,406,180,70,750,500,50,20,200,2627.9448559577704,6053.94485595777,1492.1102880844592,3,1,2045
202246.63417609918,5200,1600,6800,500,200,300,250,406,180,70,750,500,50,20,200,2627.9448559577704,6053.94485595777,1492.1102880844592,4,2,2045
203750.1843980842,5200,1600,6800,500,200,300,250,406,180,70,750,500,50,20,200,2627.9448559577704,6053.94485595777,1492.1102880844592,5,2,2045
205262.50532969748,5200,1600,6800,500,200,300,250,406,180,70,750,500,50,20,200,2627.9448559577704,6053.94485595777,1492.1102880844592,6,2,2045
206783.64813341183,5200,1600,6800,500,200,300,250,406,180,70,750,500,50,20,200,2627.9448559577704,6053.94485595777,1492.1102880844592,7,3,2045
208313.66427014783,5200,1600,6800,500,200,300,250,406,180,70,750,500,50,20,200,2627.9448559577704,6053.94485595777,1492.1102880844592,8,3,2045
209852.6055010148,5200,1600,6800,500,200,300,250,406,180,70,750,500,50,20,200,2627.9448559577704,6053.94485595777,1492.1102880844592,9,3,2045
211400.52388906182,5200,1600,6800,500,200,300,250,406,180,70,750,500,50,20,200,2627.9448559577704,6053.94485595777,1492.1102880844592,10,4,2045
212957.47180103912,5200,1600,6800,500,200,300,250,406,180,70,750,500,50,20,200,2627.9448559577704,6053.94485595777,1492.1102880844592,11,4,2045
214523.50190916963,5200,1600,6800,500,200,300,250,406,180,70,750,500,50,20,200,2627.9448559577704,6053.94485595777,1492.1102880844592,12,4,2045
216098.6671929309,5200,1600,6800,500,200,300,250,406,180,70,750,500,50,20,200,2627.9448559577704,6053.94485595777,1492.1102880844592,1,1,2046
217683.02094084743,5200,1600,6800,500,200,300,250,406,180,70,750,500,50,20,200,2627.9448559577704,6053.94485595777,1492.1102880844592,2,1,2046
219276.61675229348,5200,1600,6800,500,200,300,250,406,180,70,750,500,50,20,200,2627.9448559577704,6053.94485595777,1492.1102880844592,3,1,2046
220879.5085393063,5200,1600,6800,500,200,300,250,406,180,70,750,500,50,20,200,2627.9448559577704,6053.94485595777,1492.1102880844592,4,2,2046
222491.75052841002,5200,1600,6800,500,200,300,250,406,180,70,750,500,50,20,200,2627.9448559577704,6053.94485595777,1492.1102880844592,5,2,2046
224113.3972624502,5200,1600,6800,500,200,300,250,406,180,70,750,500,50,20,200,2627.9448559577704,6053.94485595777,1492.1102880844592,6,2,2046
225744.50360243893,5200,1600,6800,500,200,300,250,406,180,70,750,500,50,20,200,2627.9448559577704,6053.94485595777,1492.1102880844592,7,3,2046
227385.12472941092,5200,1600,6800,500,200,300,250,406,180,70,750,500,50,20,200,2627.9448559577704,6053.94485595777,1492.1102880844592,8,3,2046
229035.31614629025,5200,1600,6800,500,200,300,250,406,180,70,750,500,50,20,200,2627.9448559577704,6053.94485595777,1492.1102880844592,9,3,2046
230695.13367976804,5200,1600,6800,500,200,300,250,406,180,70,750,500,50,20,200,2627.9448559577704,6053.94485595777,1492.1102880844592,10,4,2046
232364.63348219113,5200,1600,6800,500,200,300,250,406,180,70,750,500,50,20,200,2627.9448559577704,6053.94485595777,1492.1102880844592,11,4,2046
234043.8720334617,5200,1600,6800,500,200,300,250,406,180,70,750,500,50,20,200,2627.9448559577704,6053.94485595777,1492.1102880844592,12,4,2046
235732.906142948,5200,1600,6800,500,200,300,250,406,180,70,750,500,50,20,200,2627.9448559577704,6053.94485595777,1492.1102880844592,1,1,2047
237431.7929514063,5200,1600,6800,500,200,300,250,406,180,70,750,500,50,20,200,2627.9448559577704,6053.94485595777,1492.1102880844592,2,1,2047
239140.58993291395,5200,1600,6800,500,200,300,250,406,180,70,750,500,50,20,200,2627.9448559577704,6053.94485595777,1492.1102880844592,3,1,2047
240859.35489681372,5200,1600,6800,500,200,300,250,406,180,70,750,500,50,20,200,2627.9448559577704,6053.94485595777,1492.1102880844592,4,2,2047
242588.14598966957,5200,1600,6800,500,200,300,250,406,180,70,750,500,50,20,200,2627.9448559577704,6053.94485595777,1492.1102880844592,5,2,2047
244327.02169723375,5200,1600,6800,500,200,300,250,406,180,70,750,500,50,20,200,2627.9448559577704,6053.94485595777,1492.1102880844592,6,2,2047
246076.0408464254,5200,1600,6800,500,200,300,250,406,180,70,750,500,50,20,200,2627.9448559577704,6053.94485595777,1492.1102880844592,7,3,2047
247835.26260732065,5200,1600,6800,500,200,300,250,406,180,70,750,500,50,20,200,2627.9448559577704,6053.94485595777,1492.1102880844592,8,3,2047
249604.74649515445,5200,1600,6800,500,200,300,250,406,180,70,750,500,50,20,200,2627.9448559577704,6053.94485595777,1492.1102880844592,9,3,2047
251384.55237233397,5200,1600,6800,500,200,300,250,406,180,70,750,500,50,20,200,2627.9448559577704,6053.94485595777,1492.1102880844592,10,4,2047
253174.7404504637,5200,1600,6800,500,200,300,250,406,180,70,750,500,50,20,200,2627.9448559577704,6053.94485595777,1492.1102880844592,11,4,2047
254975.3712923825,5200,1600,6800,500,200,300,250,406,180,70,750,500,50,20,200,2627.9448559577704,6053.94485595777,1492.1102880844592,12,4,2047
256786.50581421252,5200,1600,6800,500,200,300,250,406,180,70,750,500,50,20,200,2627.9448559577704,6053.94485595777,1492.1102880844592,1,1,2048
258608.20528741987,5200,1600,6800,500,200,300,250,406,180,70,750,500,50,20,200,2627.9448559577704,6053.94485595777,1492.1102880844592,2,1,2048
260440.5313408876,5200,1600,6800,500,200,300,250,406,180,70,750,500,50,20,200,2627.9448559577704,6053.94485595777,1492.1102880844592,3,1,2048
262283.54596300056,5200,1600,6800,500,200,300,250,406,180,70,750,500,50,20,200,2627.9448559577704,6053.94485595777,1492.1102880844592,4,2,2048
264137.31150374253,5200,1600,6800,500,200,300,250,406,180,70,750,500,50,20,200,2627.9448559577704,6053.94485595777,1492.1102880844592,5,2,2048
266001.89067680546,5200,1600,6800,500,200,300,250,406,180,70,750,500,50,20,200,2627.9448559577704,6053.94485595777,1492.1102880844592,6,2,2048
267877.3465617113,5200,1600,6800,500,200,300,250,406,180,70,750,500,50,20,200,2627.9448559577704,6053.94485595777,1492.1102880844592,7,3,2048
269763.7426059457,5200,1600,6800,500,200,300,250,406,180,70,750,500,50,20,200,2627.9448559577704,6053.94485595777,1492.1102880844592,8,3,2048
271661.1426271048,5200,1600,6800,500,200,300,250,406,180,70,750,500,50,20,200,2627.9448559577704,6053.94485595777,1492.1102880844592,9,3,2048
273569.61081505404,5200,1600,6800,500,200,300,250,406,180,70,750,500,50,20,200,2627.9448559577704,6053.94485595777,1492.1102880844592,10,4,2048
275489.2117340996,5200,1600,6800,500,200,300,250,406,180,70,750,500,50,20,200,2627.9448559577704,6053.94485595777,1492.1102880844592,11,4,2048
277420.010325173,5200,1600,6800,500,200,300,250,406,180,70,750,500,50,20,200,2627.9448559577704,6053.94485595777,1492.1102880844592,12,4,2048
279362.0719080276,5200,1600,6800,500,200,300,250,406,180,70,750,500,50,20,200,2627.9448559577704,6053.94485595777,1492.1102880844592,1,1,2049
281315.46218344884,5200,1600,6800,500,200,300,250,406,180,70,750,500,50,20,200,2627.9448559577704,6053.94485595777,1492.1102880844592,2,1,2049
283280.24723547674,5200,1600,6800,500,200,300,250,406,180,70,750,500,50,20,200,2627.9448559577704,6053.94485595777,1492.1102880844592,3,1,2049
285256.49353364145,5200,1600,6800,500,200,300,250,406,180,70,750,500,50,20,200,2627.9448559577704,6053.94485595777,1492.1102880844592,4,2,2049
287244.2679352121,5200,1600,6800,500,200,300,250,406,180,70,750,500,50,20,200,2627.9448559577704,6053.94485595777,1492.1102880844592,5,2,2049
289243.63768745866,5200,1600,6800,500,200,300,250,406,180,70,750,500,50,20,200,2627.9448559577704,6053.94485595777,1492.1102880844592,6,2,2049
291254.6704299266,5200,1600,6800,500,200,300,250,406,180,70,750,500,50,20,200,2627.9448559577704,6053.94485595777,1492.1102880844592,7,3,2049
293277.4341967256,5200,1600,6800,500,200,300,250,406,180,70,750,500,50,20,200,2627.9448559577704,6053.94485595777,1492.1102880844592,8,3,2049
295311.9974188309,5200,1600,6800,500,200,300,250,406,180,70,750,500,50,20,200,2627.9448559577704,6053.94485595777,1492.1102880844592,9,3,2049
297358.42892639857,5200,1600,6800,500,200,300,250,406,180,70,750,500,50,20,200,2627.9448559577704,6053.94485595777,1492.1102880844592,10,4,2049
299416.7979510937,5200,1600,6800,500,200,300,250,406,180,70,750,500,50,20,200,2627.9448559577704,6053.94485595777,1492.1102880844592,11,4,2049
301487.1741284329,5200,1600,6800,500,200,300,250,406,180,70,750,500,50,20,200,2627.9448559577704,6053.94485595777,1492.1102880844592,12,4,2049
303569.6275001398,5200,1600,6800,500,200,300,250,406,180,70,750,500,50,20,200,2627.9448559577704,6053.94485595777,1492.1102880844592,1,1,2050
305664.22851651505,5200,1600,6800,500,200,300,250,406,180,70,750,500,50,20,200,2627.9448559577704,6053.94485595777,1492.1102880844592,2,1,2050
307771.04803881916,5200,1600,6800,500,200,300,250,406,180,70,750,500,50,20,200,2627.9448559577704,6053.94485595777,1492.1102880844592,3,1,2050
309890.15734167007,5200,1600,6800,500,200,300,250,406,180,70,750,500,50,20,200,2627.9448559577704,6053.94485595777,1492.1102880844592,4,2,2050
312021.6281154543,5200,1600,6800,500,200,300,250,406,180,70,750,500,50,20,200,2627.9448559577704,6053.94485595777,1492.1102880844592,5,2,2050
314165.53246875224,5200,1600,6800,500,200,300,250,406,180,70,750,500,50,20,200,2627.9448559577704,6053.94485595777,1492.1102880844592,6,2,2050
316321.94293077773,5200,1600,6800,500,200,300,250,406,180,70,750,500,50,20,200,2627.9448559577704,6053.94485595777,1492.1102880844592,7,3,2050
318490.9324538317,5200,1600,6800,500,200,300,250,406,180,70,750,500,50,20,200,2627.9448559577704,6053.94485595777,1492.1102880844592,8,3,2050
320672.5744157702,5200,1600,6800,500,200,300,250,406,180,70,750,500,50,20,200,2627.9448559577704,6053.94485595777,1492.1102880844592,9,3,2050
322866.9426224866,5200,1600,6800,500,200,300,250,406,180,70,750,500,50,20,200,2627.9448559577704,6053.94485595777,1492.1102880844592,10,4,2050
325074.1113104089,5200,1600,6800,500,200,300,250,406,180,70,750,500,50,20,200,2627.9448559577704,6053.94485595777,1492.1102880844592,11,4,2050
327294.15514901077,5200,1600,6800,500,200,300,250,406,180,70,750,500,50,20,200,2627.9448559577704,6053.94485595777,1492.1102880844592,12,4,2050
329527.1492433378,5200,1600,6800,500,200,300,250,406,180,70,750,500,50,20,200,2627.9448559577704,6053.94485595777,1492.1102880844592,1,1,2051
331773.16913654836,5200,1600,6800,500,200,300,250,406,180,70,750,500,50,20,200,2627.9448559577704,6053.94485595777,1492.1102880844592,2,1,2051
334032.2908124693,5200,1600,6800,500,200,300,250,406,180,70,750,500,50,20,200,2627.9448559577704,6053.94485595777,1492.1102880844592,3,1,2051
336304.5906981665,5200,1600,6800,500,200,300,250,406,180,70,750,500,50,20,200,2627.9448559577704,6053.94485595777,1492.1102880844592,4,2,2051
338590.14566653024,5200,1600,6800,500,200,300,250,406,180,70,750,500,50,20,200,2627.9448559577704,6053.94485595777,1492.1102880844592,5,2,2051
340889.03303887614,5200,1600,6800,500,200,300,250,406,180,70,750,500,50,20,200,2627.9448559577704,6053.94485595777,1492.1102880844592,6,2,2051
343201.3305875607,5200,1600,6800,500,200,300,250,406,180,70,750,500,50,20,200,2627.9448559577704,6053.94485595777,1492.1102880844592,7,3,2051
345527.1165386126,5200,1600,6800,500,200,300,250,406,180,70,750,500,50,20,200,2627.9448559577704,6053.94485595777,1492.1102880844592,8,3,2051
347866.4695743789,5200,1600,6800,500,200,300,250,406,180,70,750,500,50,20,200,2627.9448559577704,6053.94485595777,1492.1102880844592,9,3,2051
350219.46883618727,5200,1600,6800,500,200,300,250,406,180,70,750,500,50,20,200,2627.9448559577704,6053.94485595777,1492.1102880844592,10,4,2051
352586.1939270228,5200,1600,6800,500,200,300,250,406,180,70,750,500,50,20,200,2627.9448559577704,6053.94485595777,1492.1102880844592,11,4,2051
354966.72491422156,5200,1600,6800,500,200,300,250,406,180,70,750,500,50,20,200,2627.9448559577704,6053.94485595777,1492.1102880844592,12,4,2051
357361.14233217895,5200,1600,6800,500,200,300,250,406,180,70,750,500,50,20,200,2627.9448559577704,6053.94485595777,1492.1102880844592,1,1,2052
359769.52718507446,5200,1600,6800,500,200,300,250,406,180,70,750,500,50,20,200,2627.9448559577704,6053.94485595777,1492.1102880844592,2,1,2052
362191.96094961185,5200,1600,6800,500,200,300,250,406,180,70,750,500,50,20,200,2627.9448559577704,6053.94485595777,1492.1102880844592,3,1,2052
364628.5255777757,5200,1600,6800,500,200,300,250,406,180,70,750,500,50,20,200,2627.9448559577704,6053.94485595777,1492.1102880844592,4,2,2052
367079.3034996039,5200,1600,6800,500,200,300,250,406,180,70,750,500,50,20,200,2627.9448559577704,6053.94485595777,1492.1102880844592,5,2,2052
369544.377625976,5200,1600,6800,500,200,300,250,406,180,70,750,500,50,20,200,2627.9448559577704,6053.94485595777,1492.1102880844592,6,2,2052
372023.83135141863,5200,1600,6800,500,200,300,250,406,180,70,750,500,50,20,200,2627.9448559577704,6053.94485595777,1492.1102880844592,7,3,2052
374517.7485569263,5200,1600,6800,500,200,300,250,406,180,70,750,500,50,20,200,2627.9448559577704,6053.94485595777,1492.1102880844592,8,3,2052
377026.2136127995,5200,1600,6800,500,200,300,250,406,180,70,750,500,50,20,200,2627.9448559577704,6053.94485595777,1492.1102880844592,9,3,2052
379549.3113814986,5200,1600,6800,500,200,300,250,406,180,70,750,500,50,20,200,2627.9448559577704,6053.94485595777,1492.1102880844592,10,4,2052
382087.1272205151,5200,1600,6800,500,200,300,250,406,180,70,750,500,50,20,200,2627.9448559577704,6053.94485595777,1492.1102880844592,11,4,2052
384639.74698525923,5200,1600,6800,500,200,300,250,406,180,70,750,500,50,20,200,2627.9448559577704,6053.94485595777,1492.1102880844592,12,4,2052
387207.2570319644,5200,1600,6800,500,200,300,250,406,180,70,750,500,50,20,200,2627.9448559577704,6053.94485595777,1492.1102880844592,1,1,2053
389789.7442206086,5200,1600,6800,500,200,300,250,406,180,70,750,500,50,20,200,2627.9448559577704,6053.94485595777,1492.1102880844592,2,1,2053
392387.29591785325,5200,1600,6800,500,200,300,250,406,180,70,750,500,50,20,200,2627.9448559577704,6053.94485595777,1492.1102880844592,3,1,2053
394999.9999999985,5200,1600,6800,500,200,300,250,406,180,70,750,500,50,20,200,2627.9448559577704,6053.94485595777,1492.1102880844592,4,2,2053
